{"feature_cols": ["Power_On_Hours", "Total_TBW_TB", "Total_TBR_TB", "Temperature_C", "Percent_Life_Used", "Media_Errors", "Unsafe_Shutdowns", "CRC_Errors", "Read_Error_Rate", "Write_Error_Rate", "SMART_Warning_Flag", "Vendor_enc", "Model_enc", "FW_enc"], "stats": {"Power_On_Hours": {"min": 101.0, "max": 59992.0, "mean": 29774.2814, "std": 17164.962924254545}, "Total_TBW_TB": {"min": 1.3, "max": 539.5, "mean": 99.631, "std": 70.68640393859471}, "Total_TBR_TB": {"min": 0.7, "max": 720.6, "mean": 99.67966, "std": 79.10099984894066}, "Temperature_C": {"min": 20.0, "max": 67.6, "mean": 40.04841, "std": 8.064465700379861}, "Percent_Life_Used": {"min": 0.0, "max": 125.2, "mean": 22.306780000000003, "std": 16.42453915883968}, "Media_Errors": {"min": 0.0, "max": 7.0, "mean": 1.0011, "std": 0.9975962659467923}, "Unsafe_Shutdowns": {"min": 0.0, "max": 11.0, "mean": 3.0143, "std": 1.7436741524593968}, "CRC_Errors": {"min": 0.0, "max": 7.0, "mean": 0.5008, "std": 0.709823742188508}, "Read_Error_Rate": {"min": 0.0, "max": 33.55, "mean": 7.694106, "std": 5.667221500940128}, "Write_Error_Rate": {"min": 0.0, "max": 34.09, "mean": 6.492514, "std": 4.806315044421726}}, "importances": {"Power_On_Hours": 0.22031059731416747, "Total_TBW_TB": 0.1298400108374378, "Total_TBR_TB": 0.08376694561365035, "Temperature_C": 0.00763681525732795, "Percent_Life_Used": 0.09847266857167301, "Media_Errors": 0.1324729931110425, "Unsafe_Shutdowns": 0.006005988267249328, "CRC_Errors": 0.0016670634823887794, "Read_Error_Rate": 0.04590420390431618, "Write_Error_Rate": 0.01623582048344341, "SMART_Warning_Flag": 0.24213529758102528, "Vendor_enc": 0.0018675737187417284, "Model_enc": 0.0030574292447774604, "FW_enc": 0.010626592612758883}, "encoders": {"Vendor": {"VendorA": 0, "VendorB": 1, "VendorC": 2, "VendorD": 3}, "Model": {"Model-LITE": 0, "Model-PRO": 1, "Model-ULTRA": 2, "Model-X1": 3, "Model-X2": 4}, "Firmware": {"FW1.0": 0, "FW1.1": 1, "FW1.2": 2, "FW2.0": 3, "FW2.1": 4}}, "mode_profiles": {"0": {"Power_On_Hours": {"mean": 29968.079747093616, "std": 17053.040174360005, "q25": 15138.5, "q75": 44350.0}, "Total_TBW_TB": {"mean": 98.4412400571079, "std": 68.09982300394682, "q25": 46.8, "q75": 133.8}, "Temperature_C": {"mean": 40.03165408933306, "std": 8.06869874869943, "q25": 34.6, "q75": 45.4}, "Percent_Life_Used": {"mean": 22.037436263512134, "std": 15.848168068317499, "q25": 10.3, "q75": 30.6}, "Media_Errors": {"mean": 0.9791964103610035, "std": 0.9742087660289314, "q25": 0.0, "q75": 2.0}, "Unsafe_Shutdowns": {"mean": 3.017336324699164, "std": 1.7442570683619025, "q25": 2.0, "q75": 4.0}, "CRC_Errors": {"mean": 0.4992861513359168, "std": 0.7070343001487829, "q25": 0.0, "q75": 1.0}, "Read_Error_Rate": {"mean": 7.5622312869671635, "std": 5.572861856235398, "q25": 3.13, "q75": 10.98}, "Write_Error_Rate": {"mean": 6.461241076891699, "std": 4.767448442331609, "q25": 2.61, "q75": 9.32}, "SMART_Warning_Flag": {"mean": 0.0, "std": 0.0, "q25": 0.0, "q75": 0.0}}, "1": {"Power_On_Hours": {"mean": 32242.967741935485, "std": 16816.96504819636, "q25": 14174.5, "q75": 47707.5}, "Total_TBW_TB": {"mean": 438.6870967741936, "std": 41.45998666936178, "q25": 410.5, "q75": 453.15}, "Temperature_C": {"mean": 41.52903225806452, "std": 8.006630316947202, "q25": 37.05, "q75": 48.150000000000006}, "Percent_Life_Used": {"mean": 99.66451612903225, "std": 9.662109789864626, "q25": 94.1, "q75": 103.0}, "Media_Errors": {"mean": 1.0, "std": 1.0, "q25": 0.0, "q75": 1.5}, "Unsafe_Shutdowns": {"mean": 2.6129032258064515, "std": 1.706407910491875, "q25": 1.0, "q75": 4.0}, "CRC_Errors": {"mean": 0.6451612903225806, "std": 1.141589158345336, "q25": 0.0, "q75": 1.0}, "Read_Error_Rate": {"mean": 8.63483870967742, "std": 5.614544725364495, "q25": 4.595, "q75": 11.89}, "Write_Error_Rate": {"mean": 8.271290322580645, "std": 5.004782873702237, "q25": 4.91, "q75": 11.545000000000002}, "SMART_Warning_Flag": {"mean": 1.0, "std": 0.0, "q25": 1.0, "q75": 1.0}}, "4": {"Power_On_Hours": {"mean": 32362.988235294117, "std": 16606.667273728828, "q25": 17207.0, "q75": 46418.0}, "Total_TBW_TB": {"mean": 109.29176470588234, "std": 78.3641669991316, "q25": 54.4, "q75": 155.0}, "Temperature_C": {"mean": 40.79529411764706, "std": 7.553253885426007, "q25": 34.8, "q75": 46.6}, "Percent_Life_Used": {"mean": 24.348235294117647, "std": 18.25355550339183, "q25": 11.1, "q75": 34.6}, "Media_Errors": {"mean": 3.2588235294117647, "std": 0.5379179698587125, "q25": 3.0, "q75": 3.0}, "Unsafe_Shutdowns": {"mean": 2.988235294117647, "std": 1.6654337176204626, "q25": 2.0, "q75": 4.0}, "CRC_Errors": {"mean": 0.49411764705882355, "std": 0.7499766569663336, "q25": 0.0, "q75": 1.0}, "Read_Error_Rate": {"mean": 15.566352941176469, "std": 4.937122462252979, "q25": 12.0, "q75": 17.35}, "Write_Error_Rate": {"mean": 6.478941176470589, "std": 5.226601377643441, "q25": 2.62, "q75": 9.45}, "SMART_Warning_Flag": {"mean": 1.0, "std": 0.0, "q25": 1.0, "q75": 1.0}}, "5": {"Power_On_Hours": {"mean": 1608.179487179487, "std": 836.1103628077689, "q25": 888.5, "q75": 2251.0}, "Total_TBW_TB": {"mean": 103.924358974359, "std": 65.93601815277815, "q25": 57.425000000000004, "q75": 135.825}, "Temperature_C": {"mean": 40.75256410256411, "std": 8.118421002495472, "q25": 35.725, "q75": 46.4}, "Percent_Life_Used": {"mean": 23.198717948717952, "std": 14.985070436849336, "q25": 14.125, "q75": 31.3}, "Media_Errors": {"mean": 1.294871794871795, "std": 1.378018286865018, "q25": 0.0, "q75": 2.0}, "Unsafe_Shutdowns": {"mean": 2.8205128205128207, "std": 1.7709311494795996, "q25": 2.0, "q75": 4.0}, "CRC_Errors": {"mean": 0.6410256410256411, "std": 0.7891201573338643, "q25": 0.0, "q75": 1.0}, "Read_Error_Rate": {"mean": 15.320512820512818, "std": 6.870410467602353, "q25": 10.3925, "q75": 19.6075}, "Write_Error_Rate": {"mean": 9.73192307692308, "std": 7.348174622293641, "q25": 3.975, "q75": 15.850000000000001}, "SMART_Warning_Flag": {"mean": 1.0, "std": 0.0, "q25": 1.0, "q75": 1.0}}}, "failure_mode_labels": {"0": "Healthy", "1": "Wear-Out Failure", "2": "Thermal Failure", "3": "Power-Related Failure", "4": "Controller/Firmware Failure", "5": "Rapid Error Accumulation (Early-Life Failure)"}}